area_sqft,bedrooms,bathrooms,age_years,garage_spaces,location_score,distance_to_city_km,price,pred_lr,pred_dt,pred_rf,err_lr,pct_lr,err_dt,pct_dt,err_rf,pct_rf
2385,4,2,8,1,7.42,12.85,428650,469964,428806,458862,41314,9.6,156,0.0,30212,7.0
1842,3,2,21,2,4.63,18.47,321940,329427,301213,336724,7487,2.3,20727,6.4,14784,4.6
1267,2,1,35,0,3.18,27.62,245780,174392,232882,197748,71388,29.0,12898,5.2,48032,19.5
2896,5,3,6,2,8.91,6.73,592310,597380,523723,544162,5070,0.9,68587,11.6,48148,8.1
1574,4,2,14,1,6.27,9.84,318450,332060,300849,320817,13610,4.3,17601,5.5,2367,0.7
2031,3,2,29,1,5.04,22.16,347890,347019,312858,347836,871,0.3,35032,10.1,54,0.0
982,2,1,44,0,2.37,31.45,178920,107992,181882,127481,70928,39.6,2962,1.7,51439,28.7
2457,4,3,12,2,9.15,5.28,521670,522628,464410,471374,958,0.2,57260,11.0,50296,9.6
1389,5,2,3,1,7.68,14.92,332580,330753,300849,320753,1827,0.5,31731,9.5,11827,3.6
1765,3,1,39,2,4.26,25.71,286430,281532,264452,297142,4898,1.7,21978,7.7,10712,3.7
