area_sqft,bedrooms,bathrooms,age_years,garage_spaces,location_score,distance_to_city_km,price
2098,2,2,40,0,6.05,30.76,371014
1717,2,2,0,2,5.71,33.91,295878
2189,3,1,4,0,2.03,24.74,325912
2714,3,3,19,0,8.74,4.0,573406
1660,5,3,7,2,7.51,19.76,341342
1660,5,1,42,1,1.61,3.57,233554
2748,1,1,11,1,7.37,16.6,463066
2260,1,2,0,0,5.89,16.58,388331
1518,5,1,19,2,1.74,3.11,237126
2126,5,3,27,1,5.12,14.28,393408
1522,4,1,42,0,5.36,4.88,309224
1521,3,2,36,2,2.49,32.43,188801
1945,1,2,46,1,9.51,37.93,333801
652,3,2,36,1,8.65,3.36,214066
765,3,2,11,2,7.02,38.23,173687
1463,5,2,36,2,5.16,21.14,281852
1192,4,1,48,2,4.71,12.33,224550
1989,2,1,48,2,6.86,3.54,341765
1255,4,1,43,0,5.91,20.27,265537
953,4,1,27,2,1.56,31.88,166687
2679,3,2,46,1,5.61,28.43,454962
1665,4,3,14,1,8.26,2.48,411788
1841,1,1,5,0,5.13,3.38,302732
945,3,3,43,1,1.47,16.41,165215
1473,1,1,19,1,8.08,12.16,316968
1867,2,1,49,2,2.81,9.68,246698
1109,3,3,13,1,3.33,11.6,217869
2025,2,2,1,0,2.48,32.24,319265
1440,3,1,8,2,3.97,37.2,280207
1625,5,1,36,2,7.81,16.5,352442
1439,4,1,19,0,5.67,36.29,228789
2911,5,3,25,2,2.84,13.2,536918
1792,2,2,28,2,8.9,19.32,358507
1165,4,3,0,0,8.92,9.43,311263
2294,3,3,34,2,8.84,25.8,422575
1067,4,2,5,0,3.15,39.17,138071
1925,1,3,36,0,5.06,24.34,303880
624,4,2,4,1,9.86,14.63,246895
1003,1,1,32,1,7.95,26.09,186273
1918,4,2,48,2,1.24,5.36,313930
2243,1,1,13,2,1.59,35.6,290791
1903,2,3,11,0,5.18,20.37,337547
1731,5,3,41,2,9.18,18.25,379427
1619,3,1,19,0,5.85,23.64,295259
913,4,3,49,0,5.48,25.18,130692
1368,5,2,23,2,1.95,3.34,251927
1524,3,1,42,0,6.91,27.46,304416
2434,3,3,33,1,8.4,10.06,454833
2006,1,1,24,2,4.42,28.7,311755
742,2,2,49,1,7.98,32.99,143338
1994,2,2,28,2,9.68,32.26,416952
1569,5,3,38,0,2.83,22.32,291923
1394,2,2,30,2,5.71,21.05,275215
2167,4,1,46,1,3.58,6.14,335115
2419,2,2,42,0,8.14,31.13,412909
2359,5,1,49,2,6.2,11.22,435463
1296,2,1,22,2,6.71,20.12,237561
1614,4,2,43,2,8.18,11.73,314289
1999,1,3,37,1,4.56,5.79,385225
2385,5,2,19,1,9.24,25.37,461957
1512,1,1,22,2,5.8,2.65,335047
1689,1,1,44,0,2.42,30.07,236570
1136,1,2,15,0,7.26,13.04,254717
1082,3,3,49,1,8.14,0.51,272469
2288,3,3,41,0,3.85,20.69,328393
2614,1,1,7,1,8.71,2.35,509980
1757,5,1,49,2,9.16,11.41,401595
2402,4,3,20,1,3.49,28.43,412619
2017,4,2,0,1,9.85,2.98,468162
1413,2,1,7,2,2.27,33.65,255154
2017,5,1,28,0,2.82,0.65,351541
2723,3,3,31,1,2.66,10.25,427556
1779,1,2,37,1,9.05,29.77,325224
2739,2,3,4,2,6.89,12.99,531554
400,4,2,46,0,2.37,4.52,50000
2293,3,2,21,1,4.96,14.73,409654
1852,3,2,46,2,6.54,11.18,362374
1621,1,1,33,1,1.75,33.79,194982
1855,4,3,0,2,8.94,12.88,451918
607,5,3,25,0,8.23,31.66,193943
1668,3,2,42,0,5.55,35.73,314933
2014,1,1,9,0,9.7,17.64,379271
2687,5,1,29,0,4.76,36.44,446132
1489,4,3,49,1,9.86,15.4,303000
1315,3,1,17,1,7.01,38.58,201815
1499,5,1,16,0,6.71,4.03,280058
2349,5,2,25,0,2.49,27.64,383812
1997,5,1,7,0,8.94,20.01,421134
1482,3,2,46,1,4.85,15.81,243396
2108,3,3,39,0,2.46,25.49,270039
1858,2,1,48,0,1.11,28.3,211185
2381,4,3,11,0,6.04,0.67,468825
1379,1,3,26,2,5.75,7.09,295562
1603,5,1,7,0,7.47,28.67,326489
1565,2,1,24,2,9.01,26.82,317326
922,1,3,45,2,1.71,38.66,84968
1978,2,1,3,0,7.58,30.56,404842
1957,3,2,32,2,2.69,38.06,258396
1803,5,2,0,0,8.72,28.25,367287
1659,1,1,18,1,8.37,12.27,320427
951,1,3,30,1,5.87,4.66,222597
1548,1,1,15,1,7.39,31.38,252304
1594,1,1,13,1,3.83,25.94,255883
1319,1,3,47,2,5.24,2.4,252899
1703,2,3,4,0,8.39,14.72,347179
2042,5,2,40,0,5.13,38.29,334774
2932,3,3,25,0,4.22,20.27,454305
1905,3,2,27,1,5.45,17.59,312471
1955,3,3,1,1,8.45,18.58,414352
1755,3,1,49,0,4.02,8.75,242782
649,2,2,5,1,2.56,15.06,79361
1784,4,2,8,0,7.41,15.11,383971
1836,5,2,32,0,8.43,2.57,422199
3278,1,1,40,0,1.91,30.82,434662
1685,4,1,24,0,3.16,16.95,264864
1981,3,1,47,0,2.28,32.98,287846
1779,4,1,12,0,4.13,34.09,263882
1099,5,1,8,0,5.05,8.87,216862
2486,1,2,12,1,7.74,26.47,456920
2251,1,1,30,0,6.86,19.16,378491
2275,5,2,40,0,6.59,35.27,409976
1254,5,1,10,1,4.17,9.02,212172
2642,3,3,3,1,8.57,27.27,466501
959,1,2,33,1,5.24,24.51,164631
2152,4,3,37,0,9.81,12.16,449456
3114,2,2,45,2,6.71,5.9,555460
1206,2,3,3,2,2.14,26.24,210799
1460,5,1,37,1,7.09,29.67,280365
1860,3,1,18,2,3.93,12.97,318694
1498,2,1,5,1,7.18,25.97,333127
870,1,2,33,0,1.63,16.11,88524
1841,5,3,17,2,2.57,28.67,323726
1163,4,1,12,0,8.7,8.37,268764
2084,5,3,40,2,3.04,35.66,339033
1248,4,3,22,0,8.53,11.85,276148
2730,5,1,18,2,3.51,15.03,485510
1330,5,1,44,0,6.79,2.79,285949
1607,5,3,10,0,7.25,4.9,413242
2288,4,1,0,2,5.61,20.88,418243
1061,4,1,23,0,3.75,11.07,215515
1936,5,1,6,0,2.91,33.5,296293
2584,2,2,24,0,1.3,1.08,400809
836,3,3,20,2,3.74,15.47,181585
1911,3,3,14,2,6.88,13.83,347640
1956,3,2,0,0,9.44,1.26,405391
2269,4,3,11,0,8.84,5.41,493432
1058,4,1,6,2,7.89,16.84,265099
1008,2,3,14,2,8.1,19.97,232936
2113,3,1,20,0,6.98,16.47,369664
1978,3,2,18,0,3.34,21.47,306969
1950,5,1,28,0,9.16,24.01,390124
2008,4,3,24,1,7.04,0.89,427807
1392,3,3,32,2,6.04,18.83,221975
1939,2,3,48,1,2.0,38.56,287173
1976,2,2,31,2,5.02,21.0,366798
1371,3,2,48,2,5.14,27.26,169066
2919,4,3,34,2,8.78,12.82,578613
2084,2,1,43,2,5.92,31.07,354754
1085,5,2,37,2,4.42,31.03,196031
2194,2,3,25,2,9.79,21.09,402018
1215,1,3,10,2,2.0,39.05,198038
2272,1,2,34,1,4.8,5.46,377653
2495,4,2,7,0,1.38,1.17,440480
1308,3,2,45,0,7.66,30.92,292646
2378,4,1,13,1,9.26,32.38,455878
2048,4,1,9,1,3.52,5.25,352500
2293,4,3,1,1,8.73,10.99,476907
2938,4,2,45,1,3.63,1.19,470245
1653,5,1,8,2,9.2,12.09,397787
1348,5,2,2,0,7.79,31.04,279081
1266,2,3,20,2,8.24,20.96,269613
1311,1,1,25,0,1.16,14.25,148536
1754,4,1,7,0,9.67,15.18,384667
2005,2,1,47,1,7.54,0.55,378473
1966,1,3,1,2,3.74,12.34,287282
2296,3,2,5,1,8.46,26.04,448958
1808,5,1,27,2,3.53,38.98,283661
2672,1,3,28,0,8.85,33.96,437812
1641,3,2,25,1,2.01,1.43,336407
3432,1,3,24,1,7.33,35.99,581186
2175,5,2,11,0,5.87,31.44,364241
1286,5,3,4,0,1.87,31.32,243650
1157,2,2,33,0,3.18,18.59,213270
2089,4,1,47,1,1.11,16.22,305431
1666,1,2,36,2,5.22,12.47,298454
2228,1,3,14,1,3.71,3.09,400013
2084,3,3,43,2,6.39,9.52,334096
1756,5,2,35,1,3.68,10.24,312014
1292,1,1,14,1,3.7,19.62,208175
891,5,1,42,0,7.69,30.02,224846
1532,1,2,47,2,1.43,19.22,212233
2314,2,2,22,1,9.13,2.78,457171
1928,4,3,5,1,8.67,38.33,383061
1053,1,1,45,0,7.01,37.74,184485
1904,5,2,49,0,6.34,31.51,317667
2031,2,1,43,2,9.03,39.66,327406
1270,1,2,42,1,2.67,22.01,168765
1892,3,2,44,2,1.71,38.53,274487
1835,4,1,20,1,3.16,3.49,344280
1114,1,2,22,2,8.15,14.94,251837
2015,2,2,42,0,1.31,9.4,298830
2136,3,3,15,1,6.25,8.24,401567
2450,2,2,46,2,9.96,6.06,467641
2432,2,2,14,0,8.7,25.09,430447
973,3,2,24,0,5.69,31.36,174313
1237,2,3,35,2,1.57,23.34,213609
2109,3,1,10,1,8.48,6.31,406737
2108,1,3,14,1,6.39,32.54,344303
2109,3,3,3,0,2.03,25.62,310279
4112,3,1,20,1,1.84,15.83,594361
2143,4,3,12,1,9.19,27.13,429458
2481,3,1,21,1,7.02,10.77,439985
2372,3,3,18,0,8.46,14.14,506063
2191,1,1,33,2,8.91,36.74,365673
1611,4,2,13,1,6.15,11.97,365950
2255,5,3,3,0,5.66,19.06,457095
1336,1,3,47,0,4.87,35.66,183917
1658,1,3,45,2,3.85,28.45,298487
1509,5,3,26,1,4.91,2.96,326131
1849,3,2,28,1,7.96,6.32,416095
3189,2,3,46,2,6.42,0.81,589627
680,4,2,27,2,9.03,25.42,210273
2212,2,2,34,0,4.99,18.18,380552
832,5,2,7,0,6.46,5.8,255017
1517,1,2,15,2,6.68,38.34,236093
2453,1,1,41,1,6.33,21.42,394309
1839,4,1,35,0,7.32,10.05,381944
1153,1,3,29,0,3.14,20.27,218290
1371,1,1,17,1,5.61,27.35,216624
2208,4,1,1,0,1.94,3.51,399474
1362,4,3,48,1,4.46,11.35,255340
1930,5,3,12,1,5.39,32.38,353840
1827,1,3,3,1,6.87,18.66,364757
1409,1,1,25,2,9.55,22.09,297829
3086,5,1,24,2,6.41,17.6,559366
2180,3,3,29,2,7.69,2.23,475953
585,3,2,10,1,5.56,7.05,194446
1912,3,3,6,1,6.71,18.1,388481
1403,5,2,30,2,1.64,8.76,296571
2311,1,2,43,0,3.29,2.47,391530
1324,5,3,9,1,4.26,33.82,250607
1731,5,3,38,0,5.25,39.26,257189
2103,3,3,12,0,1.41,31.83,291139
2319,2,1,30,1,2.26,34.22,346035
1080,1,2,6,1,3.49,10.06,191624
1599,3,1,48,0,9.74,38.44,260752
1515,2,1,41,0,3.98,8.28,228770
1408,2,3,41,2,5.34,38.08,206054
2859,4,1,35,2,2.76,39.8,438143
2043,1,3,19,1,6.5,28.61,350474
1043,2,2,3,2,3.53,39.26,138942
2351,3,3,6,2,2.86,23.0,397844
3073,4,1,0,2,5.65,10.75,564213
2419,1,1,43,2,1.05,17.76,320191
888,5,3,44,0,1.07,23.95,157463
1509,3,3,41,1,2.97,3.39,255575
2560,2,1,46,2,1.33,25.08,378673
1375,2,2,12,0,1.97,39.26,203211
2066,3,2,21,0,4.05,8.01,386792
2265,2,3,20,0,8.22,31.81,379221
1244,4,2,21,2,6.15,36.36,241372
1764,1,1,27,2,5.61,37.78,271726
400,4,3,8,1,3.64,38.43,57309
1185,2,1,25,2,9.39,21.1,293915
1648,5,1,8,2,4.57,39.1,269856
1051,1,2,14,0,1.78,30.41,125646
2779,1,3,9,1,6.55,6.89,481798
942,3,3,23,2,2.02,19.34,183405
1536,3,2,41,2,4.11,28.87,205321
1878,5,1,7,0,5.57,10.27,388309
2665,1,1,23,0,8.87,25.8,486837
938,5,1,15,2,5.44,26.83,219759
2498,3,1,48,1,7.32,6.93,460754
1806,3,3,25,1,9.94,22.82,398403
1211,1,3,26,0,2.18,30.98,140261
2077,4,2,36,0,3.47,20.21,370419
1919,2,2,3,2,4.55,0.98,362861
1440,3,3,49,0,4.8,0.86,268493
1842,3,3,23,2,4.7,14.6,331753
1569,4,1,18,1,9.17,37.08,327805
1868,4,1,35,1,7.43,9.53,352082
2197,5,2,38,2,6.47,25.56,396382
2752,5,3,9,0,3.78,9.27,463262
1057,2,2,24,1,8.41,13.21,279274
3080,2,3,17,0,9.6,34.0,561592
629,1,1,18,1,8.39,29.29,145560
1709,5,2,35,2,1.01,4.27,278877
2153,3,2,9,2,6.73,17.43,429545
1969,5,3,32,2,1.46,1.65,329851
1426,3,1,49,1,3.32,19.5,217570
1675,4,2,4,0,1.54,26.67,299133
1504,5,1,46,0,6.43,5.18,279387
1446,4,2,48,0,7.18,11.91,295257
2310,2,1,34,1,2.03,16.21,349800
2014,2,3,43,1,4.45,36.82,297220
1384,1,2,33,1,5.11,39.73,191017
2340,5,2,32,1,4.32,2.27,456981
1984,4,1,20,1,2.09,30.56,285949
2288,3,1,16,0,4.77,15.18,347928
2178,2,2,21,1,7.76,16.0,424904
1303,2,3,47,1,1.64,30.29,135286
1464,3,1,36,0,1.72,36.78,199973
2248,4,1,14,1,4.19,38.06,393252
2166,4,1,34,0,9.48,23.3,426839
1787,5,2,27,0,7.02,14.61,384901
1870,5,2,6,2,7.11,31.61,423545
2567,1,2,31,2,4.26,10.41,444724
1445,2,2,10,2,6.34,22.78,293967
2128,5,3,9,2,1.09,14.66,409086
1679,4,3,8,1,6.72,26.44,383515
1669,3,2,13,2,9.22,10.0,422569
2459,4,3,12,0,6.51,8.07,461842
2295,2,1,24,1,8.86,36.77,366041
2288,4,1,1,2,7.52,4.52,457893
2583,1,1,34,0,2.09,20.49,382776
1813,2,2,6,1,9.12,9.22,398099
2209,3,1,20,1,1.6,2.04,358333
1614,1,3,17,2,5.81,1.92,341572
1994,2,2,2,1,2.28,7.42,308824
1722,3,3,41,0,1.11,34.74,228075
1858,1,1,38,1,4.8,11.66,330584
2157,1,1,40,0,3.66,38.04,302097
1309,2,1,48,1,5.37,23.47,225732
3055,5,2,10,2,6.19,17.75,596967
1196,1,3,38,0,1.39,23.41,151208
1071,1,2,23,1,2.11,20.91,141616
2495,3,2,45,1,6.03,30.47,430094
2275,4,1,18,1,4.09,11.66,427902
2174,2,2,3,0,7.56,14.45,434511
2177,2,2,25,0,6.87,35.82,356764
1793,5,1,37,0,8.61,37.89,328130
1262,5,2,41,2,7.23,35.76,213583
1845,2,1,31,2,4.87,17.07,339576
1394,5,1,38,0,7.06,31.32,285490
2385,3,1,44,1,3.48,19.32,332137
1712,2,1,45,2,3.76,20.15,282808
1305,5,2,35,0,8.1,8.58,310641
1607,2,1,39,1,5.02,23.85,230865
2048,4,1,36,2,8.19,7.85,377060
1462,1,2,32,1,8.4,13.6,304229
1307,2,2,35,1,8.72,34.27,239764
1946,1,3,2,1,9.25,8.68,463608
1947,5,2,8,1,4.88,3.31,418242
1496,1,2,7,2,3.87,3.23,299516
1517,2,3,32,2,6.24,37.66,272270
1939,4,2,5,2,4.34,20.52,392958
931,5,2,40,0,6.41,16.67,228744
956,2,2,38,2,7.35,32.53,197031
1369,5,2,3,1,7.2,33.52,270209
1672,3,3,12,2,4.37,13.62,398558
1987,1,2,48,1,2.5,27.9,239376
2685,3,2,1,0,4.87,30.96,442127
2315,2,3,4,1,2.28,26.36,328083
1704,4,1,43,1,9.01,6.49,370774
1789,5,3,26,1,4.11,35.1,307375
1198,1,1,31,0,2.39,21.79,180995
1789,5,3,20,2,1.23,11.66,270119
1627,2,3,7,2,6.81,17.3,363347
1994,5,2,37,0,6.73,1.98,375368
1304,1,1,7,1,4.07,5.55,243983
2112,2,2,49,2,1.65,30.74,305567
2720,5,1,2,0,4.69,0.5,514167
1735,4,3,43,2,3.8,16.95,307990
2041,2,3,2,0,7.09,21.14,411754
2214,2,1,21,1,6.45,2.66,423370
1559,4,2,5,2,4.28,38.94,265834
1934,3,2,1,0,2.96,9.43,342491
1808,1,2,22,2,9.89,12.52,384564
1859,3,2,43,2,5.09,12.51,303976
1336,5,3,1,2,7.19,9.6,362361
1815,4,3,37,2,2.26,0.56,330465
2099,3,3,16,0,5.37,29.31,364769
2671,2,3,34,1,1.25,38.69,394754
2376,5,3,33,0,5.55,9.36,434181
3092,5,2,22,0,9.68,26.69,567504
1340,3,2,29,0,4.46,29.8,207510
2323,3,2,7,1,1.35,34.01,355978
1910,4,2,21,2,1.28,17.19,316864
3114,1,3,43,2,4.49,12.47,480929
1315,3,3,35,2,2.44,13.35,220570
1296,3,3,4,1,1.21,28.65,191884
1440,2,1,12,2,7.81,32.76,262160
526,5,2,28,1,5.13,7.67,116412
1485,1,2,30,2,3.6,15.15,238419
1345,2,3,46,2,9.1,36.13,214742
1890,4,2,15,0,2.05,32.36,278461
2005,4,2,41,1,9.6,39.4,352677
2926,3,3,29,0,3.83,30.29,481522
2370,3,1,15,0,9.0,16.03,430566
1454,4,1,11,0,6.43,23.83,268522
1261,3,1,16,1,8.44,26.61,260574
2095,1,3,15,1,9.86,3.6,429144
1008,3,2,11,2,3.6,22.01,229647
2899,5,3,7,0,9.65,28.52,531092
2508,3,3,19,2,4.51,7.11,442965
1518,2,2,2,0,4.47,31.33,268909
772,1,1,15,1,4.06,23.56,155771
2612,2,1,29,1,5.87,38.11,395545
1731,2,3,44,1,2.39,2.18,235523
2543,5,1,22,0,5.98,10.98,459181
843,1,3,27,1,5.88,24.26,200114
1440,1,3,39,0,7.86,12.21,289975
1803,1,2,4,2,8.5,28.72,359737
1828,1,2,19,0,4.96,30.48,264399
1530,1,2,39,2,3.72,4.55,231080
2174,5,3,43,0,3.33,20.8,354620
1159,3,2,0,2,2.75,20.6,184372
1715,2,1,29,1,1.52,15.09,272216
1872,1,1,20,2,4.08,37.35,256619
2109,3,3,19,1,3.43,33.19,335990
2227,3,3,5,1,9.7,28.04,402715
1125,2,2,21,2,6.02,28.72,205196
880,5,3,17,0,4.13,18.74,166382
2567,4,3,7,0,6.22,36.88,390014
1999,4,1,38,0,2.25,27.94,302383
1351,3,1,31,0,5.0,29.29,261780
2731,2,2,32,0,6.64,34.54,464869
1869,4,3,15,1,5.4,11.33,385765
2508,3,3,11,0,4.62,32.38,404707
1841,5,1,37,1,9.94,8.21,419942
3036,4,3,33,1,8.92,14.14,596226
2853,3,1,13,1,6.61,13.76,512394
1651,3,2,35,2,6.12,39.15,245249
2383,1,1,32,2,6.59,34.33,365688
2187,5,3,22,1,2.81,28.2,404299
2621,1,2,49,2,4.56,29.22,386055
1221,2,1,44,0,1.36,22.7,64647
2212,1,1,1,0,5.28,37.91,314615
2435,1,2,40,1,5.89,20.1,383140
745,4,2,20,0,3.05,15.53,176910
1090,3,1,1,1,9.68,6.94,295484
576,5,3,26,1,9.19,31.56,214318
1638,1,1,8,0,7.5,29.51,285125
2231,5,2,0,2,5.8,15.68,391554
2701,1,1,10,0,8.83,1.5,501637
1844,2,2,2,0,2.18,33.64,287142
2777,1,2,22,1,8.11,0.95,523273
972,4,3,25,1,2.12,28.3,128950
778,3,2,3,1,8.15,38.83,184753
1767,2,2,17,1,3.48,17.79,363919
2030,1,3,5,2,8.89,9.78,395288
1780,5,2,34,2,9.5,28.34,384418
560,2,3,21,2,2.34,32.78,50000
1747,2,3,42,1,5.16,22.08,312617
1017,1,2,14,1,9.83,38.7,201589
2202,2,2,21,1,5.35,2.54,413819
2020,5,1,36,2,8.77,20.44,366910
1236,2,3,41,1,6.3,28.88,226047
1492,5,1,11,0,4.38,34.57,237810
1164,1,2,46,0,3.57,7.58,166888
1762,3,1,48,1,2.83,32.1,252006
2373,2,3,41,0,7.86,22.33,403079
1209,3,1,37,0,4.48,16.16,216995
2102,5,3,17,2,5.6,5.7,419957
1482,2,2,44,1,5.43,34.68,229517
1324,4,2,34,1,6.2,6.71,291446
1736,3,3,29,2,8.79,12.74,361894
1179,2,2,23,0,9.83,11.96,259212
1468,3,2,41,0,4.67,34.92,209602
1081,2,2,29,1,8.45,27.07,258734
2979,1,2,13,0,7.88,31.97,504645
1821,3,3,5,2,6.16,10.39,355902
1380,4,1,2,2,9.6,25.18,338743
1928,4,1,15,1,2.8,23.08,328491
1733,5,2,6,2,1.98,33.4,301196
1667,2,1,13,2,8.69,36.29,293759
2169,3,1,8,1,4.95,0.98,392973
2255,5,2,14,2,8.62,27.12,431442
1482,3,2,20,2,9.04,2.55,343871
1455,2,1,34,2,1.56,22.18,216525
1635,4,3,1,0,8.95,11.86,391372
419,1,2,26,1,5.03,12.62,114299
891,4,3,1,1,5.59,14.44,266047
2620,5,1,34,1,6.64,25.04,471751
2787,1,2,17,0,9.34,13.69,510709
1651,5,3,13,0,1.17,29.44,234192
2146,2,2,19,1,5.29,16.48,357707
1987,1,1,17,0,7.19,3.2,371644
3647,5,3,9,1,7.5,31.46,664592
2472,2,1,24,0,7.23,11.79,439591
1723,4,1,1,2,2.21,17.59,287310
1227,2,2,24,2,3.69,27.58,183051
836,3,3,32,1,4.23,13.63,171174
1922,2,1,35,0,8.24,2.74,395838
1346,2,1,30,0,3.51,15.27,255905
947,3,3,13,2,2.9,37.81,153201
1412,5,1,0,2,9.62,25.85,341321
1151,5,1,45,0,1.08,27.02,120234
2812,2,3,15,0,9.98,25.48,572374
2329,3,3,45,0,7.09,8.36,388379
1795,3,3,2,0,8.46,17.02,414712
2688,4,3,34,0,3.65,30.16,412037
1846,5,2,40,0,1.13,4.5,284769
1283,1,3,5,1,7.64,11.48,264711
2714,5,2,24,0,8.51,11.41,582698
2123,5,2,12,2,7.66,17.56,438863
1178,4,2,33,1,2.29,39.22,164071
1686,1,1,7,0,7.78,3.17,371359
1275,4,2,20,2,7.92,20.99,272484
970,1,2,33,1,6.93,7.58,211639
